"Player","Squad","Nation","Pos","Pos2","Age","Born","Total_Match_Played","Total_Playing_Time","Minutes_Per_Match_Played","Percent_of_Squad_Minutes_Played","Matches_Started","Minutes_Per_Match_Start","Complete_Matches_PLayed","Matches_Played_As_Substitute","Minutes_Per_Match_Substitute","Player_Points_Per_Match","Player_On_Pitch_Squad_Goals","Player_On_Pitch_Goals_Allowed","Weekly_Wages","Annual_Wages"
"Aaron Hickey","Bologna","SCO","DF",NA,18,2002,11,758,69,22.2,10,74,4,1,15,1.27,13,16,11154,580000
"Aaron Ramsey","Juventus","WAL","MF",NA,29,1990,22,1089,50,31.8,13,67,1,9,24,2.18,31,11,172500,8970000
"Achraf Hakimi","Inter","MAR","DF",NA,21,1998,37,2665,72,77.9,29,86,19,8,22,2.38,72,26,123269,6410000
"Adam Marušić","Lazio","MNE","DF",NA,27,1992,36,2966,82,86.7,33,86,28,3,45,1.72,52,46,32115,1670000
"Adam Ounas","Cagliari","ALG","MF","FW",23,1996,7,308,44,9,3,82,0,4,16,1.43,5,3,35577,1850000
"Adama Soumaoro","Bologna","FRA","DF",NA,28,1992,20,1755,88,51.3,19,90,19,1,45,1.05,27,33,30962,1610000
"Adolfo Gaich","Benevento","ARG","FW",NA,21,1999,15,768,51,22.5,9,68,0,6,25,0.53,10,19,22115,1150000
"Adrien Rabiot","Juventus","FRA","MF",NA,25,1995,34,2313,68,67.6,25,84,18,9,24,2.03,49,28,172500,8970000
"Adrien Silva","Sampdoria","POR","MF",NA,31,1989,24,1599,67,46.8,18,78,7,6,32,1.63,29,23,27115,1410000
"Adrien Tameze","Hellas Verona","CMR","MF",NA,26,1994,33,2304,70,67.4,28,77,12,5,28,1.27,30,30,12308,640000
"Ahmad Benali","Crotone","LBY","MF",NA,28,1992,18,1214,67,35.5,15,77,9,3,20,0.5,11,28,16346,850000
"Alberto Cerri","Cagliari","ITA","FW",NA,24,1996,23,369,16,10.8,3,58,0,20,10,0.83,5,7,35577,1850000
"Alberto Grassi","Parma","ITA","MF","DF",25,1995,23,1177,51,34.4,13,77,4,10,18,0.65,11,28,32115,1670000
"Alberto Paleari","Genoa","ITA","GK",NA,27,1992,3,206,69,6,2,90,2,1,26,1.33,3,3,3269,170000
"Albin Ekdal","Sampdoria","SWE","MF",NA,31,1989,32,2299,72,67.2,26,83,18,6,23,1.31,33,40,39231,2040000
"Aleksandar Kolarov","Inter","SRB","DF",NA,34,1985,7,390,56,11.4,4,90,4,3,10,2,13,10,106923,5560000
"Aleksei Miranchuk","Atalanta","RUS","MF","FW",24,1995,25,675,27,19.7,4,65,0,21,20,2.08,16,12,53462,2780000
"Alessandro Buongiorno","Torino","ITA","DF",NA,21,1999,12,858,72,25.1,9,83,7,3,36,0.83,10,19,7115,370000
"Alessandro Deiola","Spezia","ITA","MF",NA,24,1995,12,360,30,10.5,4,58,0,8,16,0.92,3,6,10769,560000
"Alessandro Deiola","Cagliari","ITA","MF",NA,24,1995,12,615,51,18,7,77,1,5,15,1.58,6,6,10769,560000
"Alessandro Tripaldelli","Cagliari","ITA","DF",NA,21,1999,10,300,30,8.8,3,65,0,7,15,0.4,3,10,10769,560000
"Alessandro Tuia","Benevento","ITA","DF",NA,30,1990,27,1765,65,51.6,19,78,8,8,34,1.04,20,34,7115,370000
"Alessio Romagnoli","Milan","ITA","DF",NA,25,1995,22,1907,87,55.8,21,90,21,1,17,2.09,41,25,124615,6480000
"Alex Ferrari","Sampdoria","ITA","DF",NA,26,1994,12,880,73,25.7,11,80,8,1,3,1.42,13,15,14231,740000
"Alex Sandro","Juventus","BRA","DF",NA,29,1991,26,1858,71,54.3,20,86,15,6,23,2.23,49,21,213654,11110000
"Alexis Saelemaekers","Milan","BEL","FW",NA,21,1999,32,2016,63,58.9,27,70,3,5,28,2.16,41,25,24615,1280000
"Alexis Sánchez","Inter","CHI","FW",NA,31,1988,30,1146,38,33.5,12,72,2,18,15,2.47,37,13,172500,8970000
"Alfred Duncan","Fiorentina","GHA","MF",NA,27,1993,4,162,41,4.7,2,72,1,2,9,0.75,1,2,46346,2410000
"Alfred Duncan","Cagliari","GHA","MF",NA,27,1993,19,1068,56,31.2,12,78,4,7,19,1.16,9,17,46346,2410000
"Álvaro Morata","Juventus","ESP","FW",NA,27,1992,32,2014,63,58.9,23,79,10,9,22,1.94,44,23,123269,6410000
"Amadou Diawara","Roma","GUI","MF",NA,23,1997,18,658,37,19.2,7,76,2,11,11,1.5,10,11,89038,4630000
"Amer Gojak","Torino","BIH","MF","FW",23,1997,15,475,32,13.9,6,55,0,9,16,1,12,7,17308,9e+05
"Amir Rrahmani","Napoli","KVX","DF",NA,26,1994,16,1094,68,32,12,86,11,4,15,2.19,30,15,44423,2310000
"Andrea Belotti","Torino","ITA","FW",NA,26,1993,35,2888,83,84.4,33,87,23,2,12,1.06,41,47,71154,3700000
"Andrea Carboni","Cagliari","ITA","DF",NA,19,2001,15,1085,72,31.7,12,84,8,3,24,1.27,15,14,11731,610000
"Andrea Conti","Parma","ITA","DF",NA,26,1994,11,809,74,23.7,9,88,6,2,9,0.55,11,19,71154,3700000
"Andrea Danzi","Hellas Verona","ITA","DF",NA,21,1999,2,104,52,3,1,90,1,1,14,3,0,0,4231,220000
"Andrea Favilli","Hellas Verona","ITA","FW",NA,23,1997,11,339,31,9.9,2,75,1,9,21,1.36,3,2,25000,1300000
"Andrea Petagna","Napoli","ITA","FW",NA,25,1995,26,964,37,28.2,9,72,2,17,19,1.92,22,14,64038,3330000
"Andrea Pinamonti","Inter","ITA","FW",NA,21,1999,8,169,21,4.9,1,64,0,7,15,2.75,9,0,71154,3700000
"Andrea Poli","Bologna","ITA","MF",NA,30,1989,18,383,21,11.2,4,55,0,14,12,1.28,10,9,39231,2040000
"Andrea Rispoli","Crotone","ITA","DF",NA,31,1988,19,652,34,19.1,5,64,1,14,24,0.26,5,26,13269,690000
"Andreas Cornelius","Parma","DEN","FW",NA,27,1993,29,1898,65,55.5,21,80,12,8,29,0.48,19,44,35577,1850000
"Andreas Pereira","Lazio","BRA","FW","MF",24,1996,26,543,21,15.9,3,62,1,23,16,1.65,10,9,61731,3210000
"Andreas Skov Olsen","Bologna","DEN","FW","DF",20,1999,26,1179,45,34.5,12,72,1,14,23,1.08,18,19,19808,1030000
"Andrés Tello","Benevento","COL","DF","MF",23,1996,17,413,24,12.1,2,79,1,15,17,1,8,7,10769,560000
"Andrey Galabinov","Spezia","BUL","FW",NA,31,1988,12,430,36,12.6,4,68,2,8,20,0.75,7,12,14231,740000
"Andri Fannar Baldursson","Bologna","ISL","MF",NA,18,2002,8,217,27,6.3,1,64,0,7,22,0.5,4,6,5385,280000
"Ante Rebić","Milan","CRO","FW",NA,26,1993,27,1776,66,51.9,20,79,10,7,27,2,44,18,86346,4490000
"Antonín Barák","Hellas Verona","CZE","MF",NA,25,1994,34,2765,81,80.8,32,85,23,2,27,1.24,37,41,17885,930000
"Antonino La Gumina","Sampdoria","ITA","FW",NA,24,1996,9,341,38,10,4,64,1,5,17,1.33,5,6,14231,740000
"Antonio Barreca","Fiorentina","ITA","DF",NA,25,1995,3,85,28,2.5,1,58,0,2,14,0.33,1,1,14808,770000
"Antonio Candreva","Sampdoria","ITA","MF",NA,33,1987,35,2505,72,73.2,28,84,14,7,20,1.31,37,36,46346,2410000
"Antonio Mazzotta","Crotone","ITA","DF",NA,30,1989,2,56,28,1.6,1,45,0,1,11,1.5,1,4,5385,280000
"Antonio Sanabria","Torino","PAR","FW",NA,24,1996,14,978,70,28.6,12,78,4,2,23,1.21,12,14,53462,2780000
"Ardian Ismajli","Spezia","ALB","DF",NA,23,1996,17,1297,76,37.9,14,88,12,3,21,1.29,21,27,14808,770000
"Arkadiusz Reca","Crotone","POL","DF",NA,25,1995,30,2313,77,67.6,28,81,20,2,23,0.5,32,57,21346,1110000
"Armando Izzo","Torino","ITA","DF",NA,28,1992,25,2004,80,58.6,24,82,16,1,45,1.16,28,29,60577,3150000
"Arthur Melo","Juventus","BRA","MF",NA,23,1996,22,1157,53,33.8,13,75,4,9,20,2.27,26,12,123269,6410000
"Artur Ioniță","Benevento","MDA","MF",NA,29,1990,36,2835,79,82.9,34,81,20,2,34,0.86,34,64,32115,1670000
"Arturo Vidal","Inter","CHI","MF",NA,33,1987,23,1138,49,33.3,14,69,2,9,19,2.3,33,13,160192,8330000
"Ashley Young","Inter","ENG","DF",NA,35,1985,26,1425,55,41.7,16,75,4,10,22,2.42,42,17,74038,3850000
"Bartosz Bereszyński","Sampdoria","POL","DF",NA,28,1992,31,2607,84,76.2,29,88,28,2,34,1.29,37,42,15962,830000
"Berat Djimsiti","Atalanta","ALB","DF",NA,27,1993,33,2625,80,76.8,28,86,23,5,42,2.03,69,34,28462,1480000
"Borja Mayoral","Roma","ESP","FW",NA,23,1997,31,1551,50,45.4,18,78,5,13,11,1.74,34,24,56731,2950000
"Borja Valero","Fiorentina","ESP","MF","FW",35,1985,20,491,25,14.4,4,62,0,16,15,1.2,7,8,35577,1850000
"Bosko Sutalo","Atalanta","CRO","DF",NA,20,2000,7,233,33,6.8,3,65,1,4,9,2.29,4,3,6154,320000
"Botond Balogh","Parma","HUN","DF",NA,18,2002,3,165,55,4.8,1,90,1,2,38,0.33,2,4,769,40000
"Brahim Díaz","Milan","MAR","MF","FW",20,1999,27,1228,45,35.9,15,62,0,12,24,2.07,27,8,12308,640000
"Bram Nuytinck","Udinese","NED","DF",NA,30,1990,20,1641,82,48,19,86,15,1,13,1.65,24,19,21346,1110000
"Bruno Alves","Parma","POR","DF",NA,38,1981,19,1632,86,47.7,18,90,18,1,12,0.58,10,39,21346,1110000
"Bruno Peres","Roma","BRA","DF",NA,30,1990,30,1427,48,41.7,14,77,8,16,22,1.7,28,22,64038,3330000
"Bryan Cristante","Roma","ITA","DF","MF",25,1995,34,2155,63,63,22,86,17,12,21,1.59,45,32,64038,3330000
"Bryan Dabo","Benevento","BFA","MF",NA,28,1992,25,1117,45,32.7,12,73,3,13,19,0.92,14,31,21346,1110000
"Bryan Reynolds","Roma","USA","DF",NA,19,2001,5,283,57,8.3,3,69,0,2,38,1.4,5,2,17308,9e+05
"Carles Pérez","Roma","ESP","MF","FW",22,1998,21,773,37,22.6,6,87,4,15,17,1.67,13,16,49231,2560000
"Charalambos Lykogiannis","Cagliari","GRE","DF",NA,26,1993,31,2418,78,70.7,29,82,13,2,21,0.97,29,40,17885,930000
"Chris Smalling","Roma","ENG","DF",NA,30,1989,16,1111,69,32.5,13,81,11,3,17,2.13,23,20,93654,4870000
"Christian Eriksen","Inter","DEN","MF",NA,28,1992,26,1385,53,40.5,17,69,2,9,24,2.42,35,13,185000,9620000
"Christian Kouamé","Fiorentina","CIV","FW",NA,22,1997,33,995,30,29.1,9,68,2,24,16,1.12,11,17,42692,2220000
"Christian Maggio","Benevento","ITA","DF",NA,38,1982,8,297,37,8.7,2,68,1,6,27,0.88,3,13,25000,1300000
"Christian Oliva","Cagliari","URU","MF",NA,24,1996,10,388,39,11.3,3,84,1,7,20,0.8,4,5,10769,560000
"Ciro Immobile","Lazio","ITA","FW",NA,30,1990,35,2849,81,83.3,34,83,16,1,35,1.91,55,44,142500,7410000
"Claudio Terzi","Spezia","ITA","DF",NA,36,1984,25,1869,75,54.6,22,82,15,3,24,1.2,30,38,8846,460000
"Cristian Ansaldi","Torino","ARG","DF","FW",33,1986,31,1947,63,56.9,20,88,16,11,17,1.03,26,38,35577,1850000
"Cristian Dell'Orco","Spezia","ITA","DF",NA,26,1994,8,262,33,7.7,2,72,0,6,20,0.88,4,9,10769,560000
"Cristian Dell'Orco","Spezia","ITA","DF",NA,26,1994,8,262,33,7.7,2,72,0,6,20,0.88,4,9,10769,560000
"Cristian Romero","Atalanta","ARG","DF",NA,22,1998,31,2545,82,74.4,29,85,24,2,41,2.19,69,35,3269,170000
"Cristiano Biraghi","Fiorentina","ITA","DF",NA,27,1992,35,2803,80,82,31,87,22,4,30,1.03,37,49,42692,2220000
"Cristiano Ronaldo","Juventus","POR","FW",NA,35,1985,33,2802,85,81.9,31,89,28,2,29,2.18,64,29,1104038,57410000
"Daam Foulon","Benevento","BEL","DF",NA,21,1999,23,1021,44,29.9,11,68,3,12,23,1.04,11,18,8654,450000
"Daan Dierckx","Parma","BEL","DF",NA,17,2003,7,471,67,13.8,6,76,3,1,13,0.14,5,14,769,40000
"Daniel Bessa","Hellas Verona","ITA","MF",NA,27,1993,18,615,34,18,4,80,1,14,21,0.94,7,14,15962,830000
"Daniele Baselli","Torino","ITA","MF",NA,28,1992,15,396,26,11.6,3,64,1,12,17,1.13,6,5,49808,2590000
"Daniele Rugani","Cagliari","ITA","DF",NA,26,1994,16,1001,63,29.3,12,82,7,4,4,1.25,8,17,124615,6480000
"Daniele Verde","Spezia","ITA","FW",NA,24,1996,21,980,47,28.7,12,64,0,9,23,0.77,13,27,14231,740000
"Danilo","Juventus","BRA","DF","MF",29,1991,34,2916,86,85.3,32,88,28,2,52,2.15,69,30,98654,5130000
"Danilo Cataldi","Lazio","ITA","MF",NA,25,1994,19,568,30,16.6,4,66,0,15,20,1.53,7,14,49808,2590000
"Danilo D'Ambrosio","Inter","ITA","DF",NA,31,1988,19,699,37,20.4,7,86,6,12,8,2.47,23,11,71154,3700000
"Danilo Larangeira","Bologna","BRA","DF",NA,36,1984,35,3132,89,91.6,34,90,34,1,72,1.14,48,58,19808,1030000
"Darko Lazović","Hellas Verona","SRB","DF","MF",29,1990,32,2503,78,73.2,27,86,23,5,34,1,34,38,21346,1110000
"Davide Biraschi","Genoa","ITA","DF",NA,26,1994,13,915,70,26.8,11,78,7,2,29,1,16,23,25000,1300000
"Davide Calabria","Milan","ITA","DF",NA,23,1996,32,2647,83,77.4,30,87,23,2,22,2.16,61,32,35577,1850000
"Davide Faraoni","Hellas Verona","ITA","DF",NA,28,1991,34,2891,85,84.5,33,86,28,1,45,1.12,34,38,17885,930000
"Davide Santon","Roma","ITA","DF",NA,29,1991,10,586,59,17.1,7,70,2,3,32,1.4,13,12,53462,2780000
"Davide Zappacosta","Genoa","ITA","DF",NA,28,1992,25,2045,82,59.8,23,87,18,2,22,1.52,32,30,32115,1670000
"Dejan Kulusevski","Juventus","SWE","MF","FW",20,2000,35,1923,55,56.2,19,80,6,16,26,2.03,49,21,89038,4630000
"Denis Drăguș","Crotone","ROU","FW","MF",21,1999,9,177,20,5.2,1,71,0,8,13,0.22,1,5,3654,190000
"Dennis Man","Parma","ROU","FW","MF",21,1998,14,699,50,20.4,8,72,4,6,21,0.5,12,17,22115,1150000
"Diego Demme","Napoli","GER","MF",NA,28,1991,24,1590,66,46.5,20,78,10,4,8,2.17,36,13,61731,3210000
"Diego Farias","Spezia","BRA","FW",NA,30,1990,29,1514,52,44.3,17,72,5,12,24,1,28,31,35577,1850000
"Diogo Dalot","Milan","POR","DF",NA,21,1999,21,1090,52,31.9,10,89,9,11,18,2.1,23,13,24615,1280000
"Djavan Anderson","Lazio","NED","DF",NA,25,1995,3,72,24,2.1,1,45,0,2,14,1,0,2,17885,930000
"Domenico Berardi","Sassuolo","ITA","FW",NA,25,1994,30,2475,83,72.4,28,86,18,2,36,1.77,50,37,64038,3330000
"Domenico Criscito","Genoa","ITA","DF",NA,33,1986,23,1726,75,50.5,20,83,17,3,19,1.43,26,22,42692,2220000
"Dries Mertens","Napoli","BEL","FW","MF",33,1987,29,1459,50,42.7,18,69,2,11,19,2.21,37,18,160192,8330000
"Dušan Vlahović","Fiorentina","SRB","FW",NA,20,2000,37,2923,79,85.5,34,84,20,3,25,1.05,41,52,19808,1030000
"Duván Zapata","Atalanta","COL","FW",NA,29,1991,37,2379,64,69.6,29,73,3,8,34,2.03,60,33,64038,3330000
"Ebrima Colley","Hellas Verona","GAM","MF","FW",20,2000,23,734,32,21.5,4,68,1,19,24,1.17,9,10,7115,370000
"Eddie Salcedo","Hellas Verona","ITA","MF","FW",18,2001,21,755,36,22.1,7,65,1,14,21,0.86,11,10,7115,370000
"Edin Džeko","Roma","BIH","FW",NA,34,1986,27,1824,68,53.3,20,84,9,7,20,1.41,32,33,267115,13890000
"Edoardo Goldaniga","Genoa","ITA","DF",NA,26,1993,25,1857,74,54.3,19,87,17,6,35,0.92,23,35,17885,930000
"Eduardo Henrique","Crotone","BRA","MF",NA,25,1995,18,924,51,27,8,78,4,10,30,0.56,9,30,10385,540000
"Eldor Shomurodov","Genoa","UZB","FW",NA,25,1995,31,1677,54,49,16,76,4,15,31,1.03,26,23,32115,1670000
"Elif Elmas","Napoli","MKD","MF","FW",20,1999,33,740,22,21.6,3,73,1,30,17,1.94,20,10,36923,1920000
"Elseid Hysaj","Napoli","ALB","DF",NA,26,1994,24,1768,74,51.7,20,84,13,4,23,2.21,48,18,56923,2960000
"Emanuel Vignato","Bologna","ITA","FW","MF",19,2000,31,1203,39,35.2,11,77,3,20,18,0.97,17,28,10769,560000
"Emmanuel Gyasi","Spezia","GHA","FW",NA,26,1994,37,2851,77,83.4,32,84,21,5,31,0.97,36,57,3654,190000
"Emmanuel Rivière","Crotone","FRA","FW",NA,30,1990,21,640,30,18.7,7,62,0,14,15,0.48,13,18,15962,830000
"Erick Pulgar","Fiorentina","CHI","MF",NA,26,1994,31,2002,65,58.5,21,85,16,10,23,1.13,28,30,32115,1670000
"Ernesto Torregrossa","Sampdoria","VEN","FW",NA,28,1992,6,170,28,5,1,76,0,5,19,1.67,2,2,28462,1480000
"Fabián Ruiz Peña","Napoli","ESP","MF",NA,24,1996,33,2569,78,75.1,29,86,18,4,17,2.06,65,32,53462,2780000
"Fabio Depaoli","Benevento","ITA","DF",NA,23,1997,15,1120,75,32.7,14,79,9,1,18,0.4,12,26,12500,650000
"Fabio Depaoli","Sampdoria","ITA","MF",NA,23,1997,2,77,39,2.3,1,45,0,1,32,0,0,3,12500,650000
"Fabio Depaoli","Atalanta","ITA","DF",NA,23,1997,5,191,38,5.6,3,58,1,2,9,1.4,1,6,12500,650000
"Fabio Pisacane","Cagliari","ITA","DF",NA,34,1986,5,228,46,6.7,2,84,1,3,20,0.8,1,4,17885,930000
"Fabio Quagliarella","Sampdoria","ITA","FW",NA,37,1983,33,2204,67,64.4,25,80,8,8,24,1.21,35,32,42692,2220000
"Fabrizio Caligara","Cagliari","ITA","MF","FW",20,2000,10,183,18,5.4,2,53,0,8,10,0.8,2,6,5385,280000
"Faouzi Ghoulam","Napoli","ALG","DF","FW",29,1991,11,289,26,8.5,3,56,1,8,15,2,5,4,85385,4440000
"Federico Barba","Benevento","ITA","DF",NA,26,1993,32,2659,83,77.7,31,85,26,1,16,0.84,30,55,15962,830000
"Federico Bernardeschi","Juventus","ITA","MF","DF",26,1994,27,972,36,28.4,8,76,4,19,19,2.11,17,12,142500,7410000
"Federico Bonazzoli","Torino","ITA","FW",NA,23,1997,20,564,28,16.5,4,75,3,16,17,0.75,13,24,35577,1850000
"Federico Ceccherini","Hellas Verona","ITA","DF",NA,28,1992,25,1738,70,50.8,23,74,10,2,15,1.08,23,24,17885,930000
"Federico Chiesa","Juventus","ITA","MF","DF",22,1997,30,2210,74,64.6,28,78,7,2,7,2.07,50,25,178077,9260000
"Federico Dimarco","Hellas Verona","ITA","DF",NA,22,1997,35,2613,75,76.4,29,83,21,6,33,1.14,33,36,17885,930000
"Federico Fazio","Roma","ARG","DF",NA,33,1987,6,406,68,11.9,5,80,3,1,4,1.17,5,8,89038,4630000
"Federico Peluso","Sassuolo","ITA","DF",NA,36,1984,7,207,30,6.1,2,90,2,5,5,2,5,5,21346,1110000
"Felipe Caicedo","Lazio","ECU","FW",NA,31,1988,25,929,37,27.2,9,69,1,16,20,1.8,19,13,71154,3700000
"Fernando Forestieri","Udinese","ITA","FW","MF",30,1990,19,552,29,16.1,3,57,0,16,24,0.58,9,16,12308,640000
"Fernando Llorente","Udinese","ESP","FW",NA,35,1985,14,713,51,20.8,8,70,0,6,25,1.07,5,12,61731,3210000
"Fikayo Tomori","Milan","ENG","DF",NA,22,1997,17,1466,86,42.9,16,90,16,1,26,2.06,34,14,20962,1090000
"Filip Đuričić","Sassuolo","SRB","MF","FW",28,1992,32,2079,65,60.8,27,72,4,5,27,1.59,37,30,25000,1300000
"Filippo Melegoni","Genoa","ITA","MF","DF",21,1999,14,389,28,11.4,3,79,1,11,14,1.29,3,9,962,50000
"Francesco Caputo","Sassuolo","ITA","FW",NA,32,1987,25,1697,68,49.6,19,79,11,6,32,1.52,36,30,28462,1480000
"Francesco Cassata","Genoa","ITA","DF","FW",23,1997,8,227,28,6.6,2,59,0,6,18,0.88,4,5,21346,1110000
"Francesco Magnanelli","Sassuolo","ITA","MF",NA,35,1984,10,440,44,12.9,7,59,0,3,8,1.8,9,4,25000,1300000
"Franck Kessié","Milan","CIV","MF",NA,23,1996,37,3226,87,94.3,36,89,32,1,33,2.05,70,39,78269,4070000
"Franck Ribéry","Fiorentina","FRA","FW",NA,37,1983,29,2149,74,62.8,28,76,5,1,33,1,30,32,98654,5130000
"Gabriele Moncini","Benevento","ITA","FW","MF",24,1996,10,357,36,10.4,4,57,0,6,22,1.1,4,9,12500,650000
"Gabriele Zappa","Cagliari","ITA","DF",NA,20,1999,34,2395,70,70,27,83,13,7,23,0.94,28,46,10769,560000
"Gaetano Castrovilli","Fiorentina","ITA","MF",NA,23,1997,34,2332,69,68.2,29,76,8,5,26,0.97,31,39,49808,2590000
"Gaetano Letizia","Benevento","ITA","DF",NA,30,1990,24,1570,65,45.9,18,79,13,6,26,0.88,19,30,12500,650000
"Gary Medel","Bologna","CHI","DF","MF",32,1987,11,511,46,14.9,6,66,2,5,23,0.82,5,13,36923,1920000
"Gastón Brugman","Parma","URU","MF",NA,27,1992,26,1616,62,47.3,21,73,7,5,18,0.54,23,40,12115,630000
"Gastón Pereiro","Cagliari","URU","MF","DF",25,1995,15,272,18,8,2,56,0,13,12,0.33,6,5,34423,1790000
"Gastón Ramírez","Sampdoria","URU","FW","MF",29,1990,25,969,39,28.3,10,62,1,15,23,1.24,16,19,39231,2040000
"Gennaro Acampora","Spezia","ITA","MF","FW",26,1994,14,441,32,12.9,2,90,1,12,22,0.86,8,12,5385,280000
"Gerard Deulofeu","Udinese","ESP","FW","MF",26,1994,13,598,46,17.5,7,69,2,6,19,1.31,8,5,24615,1280000
"Gervinho","Parma","CIV","FW",NA,33,1987,27,2021,75,59.1,25,77,13,2,46,0.56,20,45,46346,2410000
"Giacomo Bonaventura","Fiorentina","ITA","MF",NA,30,1989,34,2256,66,66,27,77,8,7,24,1.15,34,38,53462,2780000
"Giacomo Raspadori","Sassuolo","ITA","FW","MF",20,2000,27,1232,46,36,13,74,4,14,19,1.56,23,16,3654,190000
"Gian Marco Ferrari","Sassuolo","ITA","DF",NA,28,1992,34,3014,89,88.1,33,90,32,1,45,1.68,58,49,21346,1110000
"Giangiacomo Magnani","Hellas Verona","ITA","DF",NA,24,1995,25,1510,60,44.2,15,81,9,10,30,1.28,24,22,21346,1110000
"Gianluca Caprari","Benevento","ITA","MF","FW",27,1993,30,1865,62,54.5,23,73,2,7,27,0.93,23,36,32115,1670000
"Gianluca Frabotta","Juventus","ITA","DF","MF",21,1999,15,689,46,20.1,8,79,4,7,9,1.93,12,8,3654,190000
"Gianluca Lapadula","Benevento","PER","FW",NA,30,1990,37,2563,69,74.9,29,79,10,8,32,0.86,30,51,56923,2960000
"Gianluca Scamacca","Genoa","ITA","FW",NA,21,1999,26,1352,52,39.5,13,78,4,13,26,0.88,20,22,10000,520000
"Giorgio Chiellini","Juventus","ITA","DF",NA,35,1984,17,1386,82,40.5,16,86,13,1,8,1.94,29,18,124615,6480000
"Giorgos Kyriakopoulos","Sassuolo","GRE","DF",NA,24,1996,23,1456,63,42.6,16,79,8,7,28,1.78,31,26,9808,510000
"Giovanni Simeone","Cagliari","ARG","FW",NA,25,1995,33,1740,53,50.9,19,77,2,14,20,0.91,26,37,53462,2780000
"Giulio Maggiore","Spezia","ITA","MF",NA,22,1998,33,2214,67,64.7,26,78,8,7,26,1.03,32,42,7115,370000
"Giuseppe Cuomo","Crotone","ITA","DF",NA,22,1998,13,801,62,23.4,8,85,5,5,25,0.92,8,18,6346,330000
"Giuseppe Di Serio","Benevento","ITA","FW","MF",19,2001,16,292,18,8.5,1,87,0,15,14,1.19,4,7,2885,150000
"Giuseppe Pezzella","Parma","ITA","DF",NA,22,1997,24,1828,76,53.5,21,82,11,3,35,0.58,27,37,15962,830000
"Gonzalo Escalante","Lazio","ARG","MF",NA,27,1993,24,733,31,21.4,4,70,0,20,23,1.92,15,7,34423,1790000
"Gonzalo Villar","Roma","ESP","MF",NA,22,1998,33,1859,56,54.4,21,79,8,12,17,1.55,37,29,29615,1540000
"Goran Pandev","Genoa","MKD","FW","MF",37,1983,29,1404,48,41.1,15,68,2,14,27,1.1,20,25,17885,930000
"Graziano Pellè","Parma","ITA","FW",NA,35,1985,13,614,47,18,6,77,3,7,22,0.31,11,16,24615,1280000
"Grégoire Defrel","Sassuolo","MTQ","MF","FW",29,1991,28,1336,48,39.1,14,65,1,14,30,1.57,30,22,30192,1570000
"Hakan Çalhanoğlu","Milan","TUR","MF","FW",26,1994,33,2614,79,76.4,30,84,13,3,35,2.09,58,32,89038,4630000
"Hamed Junior Traorè","Sassuolo","CIV","MF","FW",20,2000,35,1789,51,52.3,20,73,5,15,22,1.57,28,36,17885,930000
"Hans Hateboer","Atalanta","NED","DF",NA,26,1994,22,1762,80,51.5,20,85,15,2,27,2.18,57,23,28462,1480000
"Henrikh Mkhitaryan","Roma","ARM","MF","FW",31,1989,34,2745,81,80.3,30,87,25,4,33,1.71,57,43,86346,4490000
"Hernani","Parma","BRA","MF",NA,26,1994,33,2189,66,64,27,76,10,6,22,0.58,23,52,29615,1540000
"Hidde ter Avest","Udinese","NED","DF",NA,23,1997,6,351,59,10.3,4,83,3,2,10,0.67,3,7,10769,560000
"Hirving Lozano","Napoli","MEX","FW",NA,25,1995,32,1965,61,57.5,23,76,9,9,24,2.06,45,20,110962,5770000
"Iago Falque","Benevento","ESP","MF","FW",30,1990,11,358,33,10.5,4,60,0,7,17,0.55,6,7,60577,3150000
"Ibrahima Mbaye","Bologna","SEN","DF",NA,25,1994,8,428,54,12.5,5,73,2,3,22,0.88,5,12,26731,1390000
"Ignacio Pussetto","Udinese","ARG","FW",NA,24,1995,11,754,69,22,9,77,4,2,30,1.36,11,10,17885,930000
"Igor","Fiorentina","BRA","DF",NA,22,1998,21,1168,56,34.2,13,80,9,8,15,1.19,10,19,17308,9e+05
"Ilija Nestorovski","Udinese","MKD","FW","MF",30,1990,22,701,32,20.5,4,78,2,18,22,0.95,12,10,25000,1300000
"Ionuț Radu","Inter","ROU","GK",NA,23,1997,2,135,68,3.9,1,90,1,1,45,3,5,1,35577,1850000
"Ismaël Bennacer","Milan","ALG","MF",NA,22,1997,21,1326,63,38.8,17,71,4,4,31,2.24,27,17,53462,2780000
"Ivan Ilić","Hellas Verona","SRB","MF",NA,19,2001,29,1835,63,53.7,19,80,11,10,32,1,22,28,5000,260000
"Ivan Perišić","Inter","CRO","DF","FW",31,1989,32,1795,56,52.5,20,75,4,12,24,2.28,46,21,178077,9260000
"Ivan Radovanović","Genoa","SRB","DF","MF",31,1988,33,2232,68,65.3,24,85,19,9,23,1.18,29,33,21346,1110000
"Jacopo Dezi","Parma","ITA","FW","MF",28,1992,2,79,40,2.3,1,57,0,1,22,0,0,4,15000,780000
"Jacopo Petriccione","Crotone","ITA","MF",NA,25,1995,20,958,48,28,11,75,2,9,14,0.8,13,25,17885,930000
"Jacopo Sala","Spezia","ITA","DF",NA,28,1991,6,375,63,11,4,71,1,2,45,0.5,5,15,14231,740000
"Jacopo Segre","Torino","ITA","MF",NA,23,1997,9,191,21,5.6,1,90,1,8,13,0.78,4,1,7885,410000
"Jakub Jankto","Sampdoria","CZE","MF",NA,24,1996,35,2409,69,70.4,29,78,11,6,24,1.29,38,39,28462,1480000
"Jasmin Kurtić","Parma","SVN","MF",NA,31,1989,34,2739,81,80.1,31,84,21,3,44,0.56,32,61,35577,1850000
"Jayden Braaf","Udinese","NED","FW",NA,17,2002,4,116,29,3.4,1,69,0,3,16,1.5,3,4,5000,260000
"Jean-Daniel Akpa-Akpro","Lazio","CIV","MF",NA,27,1992,32,1056,33,30.9,6,83,2,26,22,2,18,15,17885,930000
"Jean-Victor Makengo","Udinese","FRA","MF",NA,22,1998,17,522,31,15.3,5,62,0,12,18,1.41,8,11,7308,380000
"Jens Petter Hauge","Milan","NOR","FW",NA,20,1999,18,532,30,15.6,3,72,0,15,21,1.94,16,7,24615,1280000
"Jens Stryger Larsen","Udinese","DEN","DF",NA,29,1991,33,2638,80,77.1,30,86,19,3,21,1.12,33,43,17885,930000
"Jerdy Schouten","Bologna","NED","MF",NA,23,1997,34,2512,74,73.5,28,82,14,6,36,1.15,34,44,12308,640000
"Jeremie Boga","Sassuolo","CIV","FW","MF",23,1997,27,1785,66,52.2,20,79,8,7,30,1.48,29,31,21346,1110000
"Jeremy Toljan","Sassuolo","GER","DF",NA,25,1994,26,1490,57,43.6,18,74,7,8,21,1.65,26,26,17308,9e+05
"Joakim Mæhle","Atalanta","DEN","DF",NA,23,1997,20,1216,61,35.6,12,87,9,8,21,2.25,31,14,17308,9e+05
"Joaquín Correa","Lazio","ARG","FW",NA,25,1994,28,1933,69,56.5,25,74,9,3,26,1.71,35,40,89038,4630000
"Johan Mojica","Atalanta","COL","DF",NA,27,1992,11,299,27,8.7,3,70,1,8,11,1.82,4,3,17885,930000
"Jordan Veretout","Roma","FRA","MF",NA,27,1993,29,2053,71,60,25,79,11,4,17,1.76,44,32,106923,5560000
"José Callejón","Fiorentina","ESP","FW","MF",33,1987,20,664,33,19.4,6,68,0,14,18,0.8,6,13,78269,4070000
"José Luis Palomino","Atalanta","ARG","DF",NA,30,1990,36,2428,67,71,25,88,23,11,21,2.06,61,35,28462,1480000
"Josip Iličić","Atalanta","SVN","MF","FW",32,1988,28,1526,55,44.6,17,69,2,11,33,2.04,38,17,64038,3330000
"Juan Brunetta","Parma","ARG","FW","MF",23,1997,12,475,40,13.9,4,67,0,8,26,0.42,8,9,12308,640000
"Juan Cuadrado","Juventus","COL","DF","MF",32,1988,30,2175,73,63.6,26,80,17,4,22,2.07,47,25,178077,9260000
"Juan Manuel Ramos","Spezia","URU","DF",NA,23,1996,6,294,49,8.6,2,90,2,4,29,1.33,3,8,12885,670000
"Julian Chabot","Spezia","GER","DF",NA,22,1998,25,1655,66,48.4,19,83,14,6,15,0.76,22,35,5000,260000
"Kaan Ayhan","Sassuolo","TUR","DF",NA,25,1994,19,796,42,23.3,7,82,5,12,19,2.05,13,7,14808,770000
"Kalidou Koulibaly","Napoli","SEN","DF",NA,29,1991,26,2209,85,64.6,25,88,22,1,13,2.04,54,21,213654,11110000
"Karol Linetty","Torino","POL","MF",NA,25,1995,27,1832,68,53.6,20,82,8,7,26,0.85,25,40,49808,2590000
"Keita Baldé","Sampdoria","SEN","FW",NA,25,1995,25,1197,48,35,12,76,2,13,22,1.56,17,20,24615,1280000
"Kevin Agudelo","Spezia","COL","FW",NA,21,1998,29,1356,47,39.6,14,72,4,15,23,1.03,26,26,14231,740000
"Kevin Bonifazi","Udinese","ITA","DF",NA,24,1996,30,2469,82,72.2,28,88,22,2,9,0.97,31,44,14231,740000
"Kevin Lasagna","Hellas Verona","ITA","FW",NA,27,1992,19,1267,67,37,14,80,8,5,29,0.79,19,20,25000,1300000
"Kevin Lasagna","Udinese","ITA","FW",NA,27,1992,17,1103,65,32.3,12,84,8,5,19,0.82,9,20,25000,1300000
"Kévin Malcuit","Fiorentina","MAR","DF",NA,29,1991,5,207,41,6.1,2,84,1,3,13,0.2,3,3,28462,1480000
"Kevin Rüegg","Hellas Verona","SUI","DF","MF",21,1998,7,205,29,6,1,69,0,6,23,0.86,2,3,7308,380000
"Koffi Djidji","Crotone","CIV","DF",NA,27,1992,20,1524,76,44.6,16,90,15,4,22,0.55,23,38,9038,470000
"Koray Günter","Hellas Verona","GER","DF",NA,25,1994,27,1768,65,51.7,21,78,12,6,21,1.07,22,28,21346,1110000
"Kostas Manolas","Napoli","GRE","DF",NA,29,1991,30,2298,77,67.2,27,83,21,3,16,2.07,60,26,142500,7410000
"Lautaro Martínez","Inter","ARG","FW",NA,22,1997,38,2561,67,74.9,30,79,8,8,25,2.39,66,24,89038,4630000
"Lautaro Valenti","Parma","ARG","DF",NA,21,1999,11,499,45,14.6,6,69,3,5,17,0.09,3,16,12308,640000
"Lennart-Marten Czyborra","Genoa","GER","DF",NA,21,1999,17,1173,69,34.3,15,74,9,2,30,1.47,12,13,9808,510000
"Léo Sena","Spezia","BRA","MF",NA,24,1995,16,885,55,25.9,8,82,3,8,29,1.25,16,19,8654,450000
"Leonardo Bonucci","Juventus","ITA","DF",NA,33,1987,26,2028,78,59.3,23,85,16,3,25,2.11,44,23,231538,12040000
"Leonardo Pavoletti","Cagliari","ITA","FW",NA,31,1988,33,1584,48,46.3,17,81,5,16,13,1.06,25,21,49808,2590000
"Leonardo Spinazzola","Roma","ITA","DF",NA,27,1993,27,2124,79,62.1,25,83,18,2,25,1.56,41,35,106923,5560000
"Lisandro Magallán","Crotone","ARG","DF",NA,26,1993,28,2181,78,63.8,25,83,19,3,34,0.75,30,61,18462,960000
"Lorenzo Colombo","Milan","ITA","FW",NA,18,2002,4,94,24,2.7,1,45,0,3,16,2.25,1,0,10769,560000
"Lorenzo De Silvestri","Bologna","ITA","DF",NA,32,1988,29,2143,74,62.7,25,80,16,4,38,1.07,31,42,32115,1670000
"Lorenzo Insigne","Napoli","ITA","FW",NA,29,1991,35,2865,82,83.8,33,85,21,2,38,2.11,75,30,163846,8520000
"Lorenzo Pellegrini","Roma","ITA","MF",NA,24,1996,34,2598,76,76,30,84,15,4,21,1.79,53,40,81923,4260000
"Lorenzo Tonelli","Sampdoria","ITA","DF",NA,30,1990,23,1782,77,52.1,21,82,16,2,25,1.57,32,27,35577,1850000
"Lorenzo Venuti","Fiorentina","ITA","DF",NA,25,1995,28,1757,63,51.4,21,79,10,7,13,1.21,21,31,14231,740000
"Luca Caldirola","Benevento","ITA","DF",NA,29,1991,25,1572,63,46,17,82,13,8,23,0.8,18,38,12308,640000
"Luca Ceppitelli","Cagliari","ITA","DF",NA,30,1989,19,1465,77,42.8,16,86,11,3,31,1.16,17,23,35577,1850000
"Luca Cigarini","Crotone","ITA","MF",NA,34,1986,14,929,66,27.2,13,70,2,1,14,0.71,10,19,15192,790000
"Luca Marrone","Crotone","ITA","DF",NA,30,1990,21,1588,76,46.4,18,85,16,3,19,0.52,14,39,14231,740000
"Luca Mora","Spezia","ITA","MF",NA,32,1988,4,113,28,3.3,1,71,0,3,14,0.75,0,4,8846,460000
"Luca Pellegrini","Genoa","ITA","DF","MF",21,1999,11,639,58,18.7,7,73,3,4,31,0.36,4,15,28462,1480000
"Luca Vignali","Spezia","ITA","DF",NA,24,1996,21,1590,76,46.5,19,80,12,2,33,1,19,32,3846,2e+05
"Lucas Leiva","Lazio","BRA","MF",NA,33,1987,32,2131,67,62.3,30,68,2,2,45,1.78,38,32,81923,4260000
"Lucas Martínez Quarta","Fiorentina","ARG","DF",NA,24,1996,21,1483,71,43.4,15,87,10,6,30,1.24,22,27,24615,1280000
"Lucien Agoume","Spezia","FRA","MF",NA,18,2002,12,800,67,23.4,9,84,6,3,13,1.08,14,14,8654,450000
"Luis Alberto","Lazio","ESP","MF",NA,27,1992,34,2618,77,76.5,33,78,10,1,39,1.82,46,39,89038,4630000
"Luis Muriel","Atalanta","COL","FW",NA,29,1991,36,1436,40,42,16,61,0,20,23,2.14,48,20,44423,2310000
"Luiz Felipe","Lazio","ITA","DF",NA,23,1997,14,909,65,26.6,10,77,4,4,35,1.79,19,12,28462,1480000
"Lukáš Haraslín","Sassuolo","SVK","FW","MF",24,1996,14,333,24,9.7,2,55,0,12,19,1.43,6,5,9808,510000
"Lukas Lerager","Genoa","DEN","MF",NA,27,1993,16,1159,72,33.9,13,83,7,3,27,0.88,14,25,25000,1300000
"Lyanco","Torino","BRA","DF",NA,23,1997,23,1959,85,57.3,21,89,20,2,43,0.78,32,49,21346,1110000
"M'Bala Nzola","Spezia","ANG","FW",NA,23,1996,25,1896,76,55.4,21,85,14,4,26,1.08,31,38,14231,740000
"Mamadou Coulibaly","Udinese","SEN","MF",NA,21,1999,3,184,61,5.4,2,90,2,1,4,0,0,3,7115,370000
"Manolo Gabbiadini","Sampdoria","ITA","FW",NA,28,1991,16,870,54,25.4,10,70,1,6,28,1.44,17,8,27115,1410000
"Manolo Portanova","Juventus","ITA","MF",NA,20,2000,2,70,35,2,1,55,0,1,15,2,2,1,21346,1110000
"Manuel Lazzari","Lazio","ITA","DF",NA,26,1993,32,2613,82,76.4,30,84,20,2,43,1.75,51,40,53462,2780000
"Manuel Locatelli","Sassuolo","ITA","MF",NA,22,1998,34,2883,85,84.3,32,89,28,2,23,1.76,53,47,25000,1300000
"Marash Kumbulla","Roma","ALB","DF",NA,20,2000,21,1363,65,39.9,14,81,8,7,32,1.9,32,24,64038,3330000
"Marcelo Brozović","Inter","CRO","MF",NA,27,1992,33,2581,78,75.5,29,85,20,4,28,2.3,57,26,124615,6480000
"Marco Parolo","Lazio","ITA","DF","MF",35,1985,18,653,36,19.1,7,62,2,11,20,1.94,8,14,42692,2220000
"Marco Sau","Benevento","ITA","MF","FW",32,1987,24,785,33,23,9,59,1,15,17,0.96,7,21,25000,1300000
"Marco Sportiello","Atalanta","ITA","GK",NA,28,1992,15,1261,84,36.9,13,90,13,2,46,1.93,35,21,21346,1110000
"Mario Mandžukić","Milan","CRO","FW",NA,34,1986,10,212,21,6.2,1,62,0,9,17,1.6,2,7,64038,3330000
"Mario Pašalić","Atalanta","CRO","MF",NA,25,1995,25,1122,45,32.8,10,76,5,15,24,2.08,28,22,35577,1850000
"Mário Rui","Napoli","POR","DF",NA,29,1991,27,1669,62,48.8,17,86,12,10,20,1.89,42,20,74808,3890000
"Marko Pjaca","Genoa","CRO","FW","MF",25,1995,35,1418,41,41.5,15,66,3,20,22,1.09,20,29,28462,1480000
"Marlon","Sassuolo","BRA","DF",NA,24,1995,24,1742,73,50.9,19,87,17,5,19,1.42,23,28,21346,1110000
"Marten de Roon","Atalanta","NED","MF",NA,29,1991,35,3021,86,88.3,33,89,31,2,40,2.03,78,42,35577,1850000
"Martín Cáceres","Fiorentina","URU","DF",NA,33,1987,29,2238,77,65.4,26,85,19,3,10,1.28,36,37,42692,2220000
"Martin Erlic","Spezia","CRO","DF",NA,22,1998,27,1798,67,52.6,19,89,17,8,14,1.19,27,37,5385,280000
"Martin Palumbo","Udinese","NOR","MF",NA,18,2002,3,63,21,1.8,1,55,0,2,4,0,0,2,1346,70000
"Marvin Zeegelaar","Udinese","NED","DF",NA,29,1990,24,1740,73,50.9,23,75,7,1,19,0.96,16,29,12308,640000
"Mateo Musacchio","Lazio","ARG","DF",NA,29,1990,4,229,57,6.7,2,86,1,2,29,3,4,1,71154,3700000
"Matías Vecino","Inter","URU","MF",NA,28,1991,8,283,35,8.3,3,79,2,5,9,2.63,13,5,89038,4630000
"Matteo Darmian","Inter","ITA","DF",NA,30,1989,26,1160,45,33.9,14,72,2,12,13,2.58,21,11,49231,2560000
"Matteo Darmian","Parma","ITA","DF",NA,30,1989,3,208,69,6.1,2,90,2,1,28,1,1,6,49231,2560000
"Matteo Gabbia","Milan","ITA","DF",NA,20,1999,8,557,70,16.3,7,78,6,1,13,2.13,12,4,21346,1110000
"Matteo Lovato","Hellas Verona","ITA","DF",NA,20,2000,24,1386,58,40.5,14,75,9,10,33,1.58,17,17,2885,150000
"Matteo Pessina","Atalanta","ITA","MF",NA,23,1997,28,1645,59,48.1,21,69,5,7,27,2.29,43,21,14231,740000
"Matteo Politano","Napoli","ITA","FW","MF",26,1993,37,1908,52,55.8,22,72,4,15,22,2,49,26,78269,4070000
"Matteo Ricci","Spezia","ITA","MF",NA,26,1994,29,2229,77,65.2,26,83,18,3,25,1.03,28,51,7115,370000
"Matteo Ruggeri","Atalanta","ITA","DF",NA,18,2002,6,208,35,6.1,3,60,0,3,10,1.33,4,5,769,40000
"Matthijs de Ligt","Juventus","NED","DF",NA,20,1999,27,2220,82,64.9,25,88,22,2,10,2.07,49,27,197308,10260000
"Mattia Bani","Parma","ITA","DF",NA,26,1993,15,1145,76,33.5,14,81,9,1,13,0.4,17,30,25000,1300000
"Mattia Bani","Genoa","ITA","DF",NA,26,1993,11,921,84,26.9,10,88,8,1,45,0.55,9,16,25000,1300000
"Mattia Caldara","Atalanta","ITA","DF",NA,26,1994,6,111,19,3.2,1,45,0,5,13,2.5,6,3,35577,1850000
"Mattia Destro","Genoa","ITA","FW",NA,29,1991,29,1606,55,47,22,70,3,7,9,1.1,27,31,19615,1020000
"Mattia Zaccagni","Hellas Verona","ITA","MF",NA,25,1995,36,2609,72,76.3,33,77,9,3,26,1.17,36,33,17885,930000
"Mattias Svanberg","Bologna","SWE","MF",NA,21,1999,34,1852,54,54.2,24,68,2,10,23,1.06,35,40,17885,930000
"Maxime Busi","Parma","BEL","DF",NA,20,1999,24,1195,50,34.9,11,83,7,13,21,0.33,12,36,14808,770000
"Maxime Lopez","Sassuolo","FRA","MF",NA,22,1997,29,1864,64,54.5,22,77,8,7,24,1.62,33,27,14808,770000
"Maximiliano Olivera","Fiorentina","URU","DF",NA,28,1992,2,91,46,2.7,1,90,1,1,1,2,0,0,17885,930000
"Maya Yoshida","Sampdoria","JPN","DF",NA,31,1988,32,2274,71,66.5,25,85,21,7,20,1.31,32,38,24615,1280000
"Mehdi Bourabia","Sassuolo","MAR","MF",NA,28,1991,15,528,35,15.4,4,73,2,11,21,1.93,15,11,21346,1110000
"Mehdi Léris","Sampdoria","ALG","DF","MF",22,1998,20,386,19,11.3,3,67,1,17,11,1.45,7,4,10000,520000
"Mërgim Vojvoda","Torino","KVX","DF","FW",25,1995,24,1359,57,39.7,17,75,7,7,11,1.08,20,28,17308,9e+05
"Merih Demiral","Juventus","TUR","DF",NA,22,1998,15,940,63,27.5,10,90,10,5,8,2.47,24,8,64038,3330000
"Mert Müldür","Sassuolo","TUR","DF",NA,21,1999,28,1672,60,48.9,18,77,4,10,29,1.79,35,29,9808,510000
"Miguel Veloso","Hellas Verona","POR","MF",NA,34,1986,21,1316,63,38.5,15,77,10,6,27,1.43,18,18,17885,930000
"Miha Zajc","Genoa","SVN","MF",NA,26,1994,31,1863,60,54.5,22,73,6,9,29,1.16,24,29,14808,770000
"Mikkel Damsgaard","Sampdoria","DEN","MF","FW",20,2000,35,1773,51,51.8,18,75,3,17,24,1.37,25,32,2500,130000
"Milan Badelj","Genoa","CRO","MF",NA,31,1989,30,2408,80,70.4,29,83,21,1,10,1.2,35,35,34423,1790000
"Milan Škriniar","Inter","SVK","DF",NA,25,1995,32,2777,87,81.2,31,89,28,1,26,2.44,68,24,106923,5560000
"Miloš Vulić","Crotone","SRB","MF",NA,23,1996,25,1305,52,38.2,13,74,4,12,29,0.48,15,30,9808,510000
"Mitchell Dijks","Bologna","NED","DF",NA,27,1993,20,1481,74,43.3,18,79,6,2,30,1.15,18,22,28462,1480000
"Mohamed Fares","Lazio","ALG","DF",NA,24,1996,21,1139,54,33.3,12,68,3,9,36,1.71,17,21,42692,2220000
"Morten Thorsby","Sampdoria","NOR","MF",NA,24,1996,33,2648,80,77.4,29,85,25,4,43,1.33,39,40,12308,640000
"Musa Barrow","Bologna","GAM","FW","MF",21,1998,38,2921,77,85.4,34,83,18,4,26,1.08,45,56,28462,1480000
"Nahitan Nández","Cagliari","URU","MF","DF",24,1995,32,2737,86,80,31,88,26,1,23,1.06,36,49,39423,2050000
"Nahuel Estévez","Spezia","ARG","MF",NA,24,1995,27,1768,65,51.7,19,80,7,8,30,0.85,24,39,8654,450000
"Nahuel Molina","Udinese","ARG","DF",NA,22,1998,29,1828,63,53.5,18,89,15,11,20,1,27,34,7308,380000
"Nehuén Paz","Bologna","ARG","DF",NA,27,1993,6,363,61,10.6,3,87,2,3,34,0.67,5,6,11154,580000
"Niccolò Zanellato","Crotone","ITA","MF",NA,22,1998,27,1637,61,47.9,18,80,8,9,22,0.78,27,54,7885,410000
"Nicola Murru","Torino","ITA","DF",NA,25,1994,14,569,41,16.6,7,65,1,7,16,0.93,8,11,25000,1300000
"Nicola Sansone","Bologna","ITA","FW","MF",28,1991,26,1169,45,34.2,11,71,1,15,26,1.23,16,14,39423,2050000
"Nicolás Domínguez","Bologna","ARG","MF",NA,22,1998,28,1255,45,36.7,15,63,1,13,24,1.21,11,20,17308,9e+05
"Nicolas Nkoulou","Torino","CMR","DF",NA,30,1990,18,1358,75,39.7,16,83,13,2,19,0.83,20,30,53462,2780000
"Nicolas Viola","Benevento","ITA","MF",NA,30,1989,17,1036,61,30.3,12,74,6,5,29,0.53,10,21,26731,1390000
"Nicolò Barella","Inter","ITA","MF",NA,23,1997,36,2896,80,84.7,32,87,23,4,31,2.36,66,31,89038,4630000
"Nicolò Rovella","Genoa","ITA","MF",NA,18,2001,20,1187,59,34.7,12,81,6,8,26,1,14,23,769,40000
"Nikola Kalinić","Hellas Verona","CRO","FW",NA,32,1988,19,1063,56,31.1,15,66,3,4,20,1.05,12,17,53462,2780000
"Nikola Maksimović","Napoli","SRB","DF",NA,28,1991,17,1207,71,35.3,12,88,9,5,30,1.88,28,20,42692,2220000
"Omar Colley","Sampdoria","GAM","DF",NA,27,1992,29,2591,89,75.8,28,90,28,1,71,1.38,38,40,33846,1760000
"Paolo Bartolomei","Spezia","ITA","MF",NA,30,1989,6,320,53,9.4,3,84,2,3,23,0.67,5,10,7115,370000
"Paolo Faragò","Cagliari","ITA","DF",NA,27,1993,8,369,46,10.8,4,81,2,4,11,0.75,3,5,17885,930000
"Paolo Ghiglione","Genoa","ITA","DF","MF",23,1997,23,1358,59,39.7,14,74,7,9,36,0.7,18,31,21346,1110000
"Papu Gómez","Atalanta","ARG","MF","FW",32,1988,10,666,67,19.5,9,70,2,1,38,1.5,17,15,71154,3700000
"Pasquale Schiattarella","Benevento","ITA","MF",NA,33,1987,29,2247,77,65.7,26,83,18,3,27,0.79,27,52,25000,1300000
"Patric","Lazio","ESP","DF",NA,27,1993,25,1595,64,46.6,18,79,9,7,24,1.84,25,28,35577,1850000
"Pau López","Roma","ESP","GK",NA,25,1994,21,1817,87,53.1,20,90,20,1,17,1.76,37,29,74038,3850000
"Paulo Dybala","Juventus","ARG","FW",NA,26,1993,20,1132,57,33.1,14,74,4,6,17,2.2,25,15,260000,13520000
"Paweł Dawidowicz","Hellas Verona","POL","DF",NA,25,1995,30,1860,62,54.4,22,75,13,8,25,1.1,20,28,7308,380000
"Pedro","Roma","ESP","MF","FW",33,1987,27,1591,59,46.5,20,71,5,7,24,1.63,30,26,74038,3850000
"Pedro Obiang","Sassuolo","EQG","MF",NA,28,1992,33,1469,45,43,16,73,5,17,17,1.61,24,27,20962,1090000
"Pedro Pereira","Crotone","POR","DF",NA,22,1998,35,2549,73,74.5,29,80,15,6,39,0.66,34,61,7308,380000
"Përparim Hetemaj","Benevento","FIN","MF",NA,33,1986,31,2212,71,64.7,27,79,14,4,18,0.94,24,44,25000,1300000
"Pierre Kalulu","Milan","FRA","DF",NA,20,2000,13,727,56,21.3,7,75,3,6,34,1.69,14,12,14808,770000
"Pietro Terracciano","Fiorentina","ITA","GK",NA,30,1990,4,272,68,8,2,90,2,2,46,0.5,1,4,10769,560000
"Piotr Zieliński","Napoli","POL","MF",NA,26,1994,36,2523,70,73.8,32,76,3,4,20,1.97,63,30,124615,6480000
"Pol Lirola","Fiorentina","ESP","DF","FW",22,1997,12,498,42,14.6,4,79,2,8,23,0.83,6,10,32115,1670000
"Rade Krunić","Milan","BIH","MF","FW",26,1993,25,723,29,21.1,5,71,2,20,18,2.6,16,9,39231,2040000
"Rafael","Spezia","BRA","GK",NA,38,1982,3,207,69,6.1,2,90,2,1,27,1.33,3,5,10769,560000
"Rafael Leão","Milan","POR","FW",NA,21,1999,30,1924,64,56.3,22,78,7,8,27,1.9,37,24,34423,1790000
"Rafael Tolói","Atalanta","ITA","DF",NA,29,1990,31,2537,82,74.2,29,85,23,2,32,1.9,63,36,35577,1850000
"Ragnar Klavan","Cagliari","EST","DF",NA,34,1985,15,770,51,22.5,9,78,5,6,11,0.87,4,13,35577,1850000
"Răzvan Marin","Cagliari","ROU","MF",NA,24,1996,37,2965,80,86.7,35,84,18,2,17,0.97,36,53,24615,1280000
"Remo Freuler","Atalanta","SUI","MF",NA,28,1992,34,2712,80,79.3,32,84,21,2,14,2.24,72,27,28462,1480000
"Ricardo Rodríguez","Torino","SUI","DF",NA,27,1992,16,1238,77,36.2,15,80,6,1,37,0.81,21,31,53462,2780000
"Riccardo Calafiori","Roma","ITA","DF",NA,18,2002,3,66,22,1.9,1,45,0,2,11,2.33,0,2,26731,1390000
"Riccardo Gagliolo","Parma","SWE","DF",NA,30,1990,28,1956,70,57.2,22,81,17,6,28,0.57,20,47,15962,830000
"Riccardo Improta","Benevento","ITA","DF","MF",26,1993,34,2335,69,68.3,23,85,15,11,34,0.91,26,50,7115,370000
"Riccardo Marchizza","Spezia","ITA","DF",NA,22,1998,24,1561,65,45.6,17,81,10,7,27,1,24,30,10769,560000
"Riccardo Orsolini","Bologna","ITA","FW","MF",23,1997,34,1755,52,51.3,21,71,5,13,20,1.15,28,32,39231,2040000
"Riccardo Saponara","Spezia","ITA","FW","MF",28,1991,9,389,43,11.4,5,69,2,4,11,1.33,8,7,24615,1280000
"Riccardo Sottil","Cagliari","ITA","FW","MF",21,1999,21,1184,56,34.6,12,77,0,9,28,0.71,21,21,17885,930000
"Rick Karsdorp","Roma","NED","DF",NA,25,1995,34,2544,75,74.4,28,86,19,6,23,1.62,51,39,78269,4070000
"Roberto Gagliardini","Inter","ITA","MF",NA,26,1994,28,1232,44,36,14,71,4,14,17,2.54,32,13,53462,2780000
"Roberto Inglese","Parma","ITA","FW",NA,28,1991,14,576,41,16.8,6,65,1,8,24,0.43,5,15,49808,2590000
"Roberto Insigne","Benevento","ITA","MF","FW",26,1994,30,1599,53,46.8,17,69,2,13,32,0.77,20,40,17885,930000
"Roberto Piccoli","Spezia","ITA","FW",NA,19,2001,20,703,35,20.6,8,63,1,12,17,0.6,10,16,10769,560000
"Robin Gosens","Atalanta","GER","DF",NA,26,1994,32,2523,79,73.8,30,82,12,2,39,2.13,71,33,28462,1480000
"Rodrigo Becão","Udinese","BRA","DF",NA,24,1996,35,2780,79,81.3,32,85,26,3,18,1.06,33,46,14808,770000
"Rodrigo Bentancur","Juventus","URU","MF",NA,23,1997,33,2324,70,68,27,82,18,6,20,1.97,49,25,89038,4630000
"Rodrigo Palacio","Bologna","ARG","FW",NA,38,1982,36,2502,70,73.2,28,85,15,8,14,1.11,40,53,39231,2040000
"Roger Ibanez","Roma","BRA","DF",NA,21,1998,30,2398,80,70.1,28,84,22,2,28,1.77,48,39,29615,1540000
"Rogério","Sassuolo","BRA","DF",NA,22,1998,28,1877,67,54.9,21,83,16,7,19,1.54,30,29,25000,1300000
"Rolando Mandragora","Udinese","ITA","MF",NA,23,1997,10,398,40,11.6,3,74,1,7,25,1.3,6,7,21346,1110000
"Romelu Lukaku","Inter","BEL","FW",NA,27,1993,36,2884,80,84.3,32,87,25,4,23,2.42,72,28,185000,9620000
"Ronaldo Vieira","Hellas Verona","ENG","MF","DF",22,1998,4,226,57,6.6,2,90,2,2,23,1,2,2,17885,930000
"Ruslan Malinovskyi","Atalanta","UKR","MF","FW",27,1993,36,1876,52,54.9,22,72,3,14,22,2.14,55,21,24615,1280000
"Salvador Ferrer","Spezia","ESP","DF",NA,22,1998,18,1190,66,34.8,14,79,10,4,22,1.39,24,19,6154,320000
"Salvatore Molina","Crotone","ITA","MF","DF",28,1992,29,2315,80,67.7,28,82,18,1,27,0.66,35,63,7115,370000
"Sam Lammers","Atalanta","NED","FW","MF",23,1997,15,291,19,8.5,1,45,0,14,18,1.67,4,6,19808,1030000
"Samir Santos","Udinese","BRA","DF",NA,25,1994,30,2216,74,64.8,24,88,20,6,18,0.93,25,41,17885,930000
"Samu Castillejo","Milan","ESP","FW",NA,25,1995,28,1181,42,34.5,12,71,3,16,21,1.93,23,13,53462,2780000
"Samuel Di Carmine","Crotone","ITA","FW",NA,31,1988,11,475,43,13.9,6,70,0,5,11,0.27,5,19,25000,1300000
"Samuel Di Carmine","Crotone","ITA","FW",NA,31,1988,11,475,43,13.9,6,70,0,5,11,0.27,5,19,25000,1300000
"Samuel Di Carmine","Hellas Verona","ITA","FW",NA,31,1988,11,500,45,14.6,6,63,0,5,25,1.82,4,6,25000,1300000
"Samuel Di Carmine","Hellas Verona","ITA","FW",NA,31,1988,11,500,45,14.6,6,63,0,5,25,1.82,4,6,25000,1300000
"Sandro Tonali","Milan","ITA","MF",NA,20,2000,25,1330,53,38.9,17,68,4,8,23,2.2,28,16,56923,2960000
"Saša Lukić","Torino","SRB","MF",NA,23,1996,32,2106,66,61.6,24,79,12,8,27,1.09,27,39,25000,1300000
"Sebastian Walukiewicz","Cagliari","POL","DF",NA,20,2000,19,1618,85,47.3,18,89,17,1,18,0.74,23,36,7308,380000
"Sebastiano Luperto","Crotone","ITA","DF",NA,23,1996,23,1879,82,54.9,22,85,15,1,11,0.61,28,54,25000,1300000
"Sebastien De Maio","Udinese","FRA","DF",NA,33,1987,15,853,57,24.9,9,86,7,6,14,1.13,9,15,21346,1110000
"Senad Lulić","Lazio","BIH","DF",NA,34,1986,16,718,45,21,8,63,1,8,27,1.75,13,11,42692,2220000
"Simeon Nwankwo","Crotone","NGA","FW",NA,28,1992,38,2943,77,86.1,31,89,26,7,26,0.61,38,73,21346,1110000
"Simon Sohm","Parma","SUI","MF",NA,19,2001,18,899,50,26.3,8,77,4,10,28,0.33,5,28,9808,510000
"Simone Bastoni","Spezia","ITA","DF",NA,23,1996,22,1522,69,44.5,19,76,8,3,28,0.91,26,34,3654,190000
"Simone Iacoponi","Parma","ITA","DF",NA,33,1987,16,1193,75,34.9,13,86,11,3,23,0.63,14,26,11346,590000
"Simone Verdi","Torino","ITA","MF","FW",28,1992,33,1620,49,47.4,17,70,2,16,27,0.94,25,24,60577,3150000
"Simone Zaza","Torino","ITA","FW",NA,29,1991,29,1491,51,43.6,15,80,7,14,21,0.93,23,35,60577,3150000
"Sofyan Amrabat","Fiorentina","MAR","MF",NA,23,1996,31,2441,79,71.4,28,86,21,3,11,1.06,33,44,36923,1920000
"Soualiho Meïté","Torino","FRA","MF",NA,26,1994,14,920,66,26.9,11,78,6,3,22,0.57,16,28,39231,2040000
"Soualiho Meïté","Milan","FRA","MF",NA,26,1994,16,588,37,17.2,4,78,2,12,23,1.81,16,5,39231,2040000
"Stefan de Vrij","Inter","NED","DF",NA,28,1992,32,2734,85,79.9,30,90,30,2,17,2.28,64,27,135385,7040000
"Ștefan Radu","Lazio","ROU","DF",NA,33,1986,31,2458,79,71.9,30,81,19,1,14,1.9,46,36,49808,2590000
"Stefano Denswil","Bologna","SUR","DF",NA,27,1993,5,115,23,3.4,1,69,0,4,12,1.2,2,1,19808,1030000
"Stefano Okaka","Udinese","ITA","FW",NA,30,1989,22,1489,68,43.5,17,80,9,5,26,0.82,20,25,19808,1030000
"Stefano Sensi","Inter","ITA","MF",NA,24,1995,18,603,34,17.6,4,62,0,14,26,2.61,22,4,71154,3700000
"Stefano Sturaro","Hellas Verona","ITA","MF",NA,27,1993,10,423,42,12.4,4,65,1,6,27,0.9,4,5,29615,1540000
"Stephan El Shaarawy","Roma","ITA","MF","FW",27,1992,10,572,57,16.7,6,79,3,4,25,1.2,7,8,106923,5560000
"Thomas Ouwejan","Udinese","NED","DF",NA,23,1996,15,413,28,12.1,3,74,1,12,16,0.33,5,12,9808,510000
"Tiemoué Bakayoko","Napoli","FRA","MF",NA,25,1994,32,1964,61,57.4,23,81,8,9,12,1.94,51,29,49231,2560000
"Tolgay Arslan","Udinese","GER","MF",NA,29,1990,30,1818,61,53.2,25,69,3,5,19,1.2,23,20,14808,770000
"Tomás Rincón","Torino","VEN","MF",NA,32,1988,36,2846,79,83.2,33,83,16,3,33,1,43,56,49808,2590000
"Tommaso Pobega","Spezia","ITA","MF",NA,21,1999,20,1229,61,35.9,17,68,1,3,26,1.35,21,21,10769,560000
"Valentin Antov","Bologna","BUL","DF",NA,19,2000,5,232,46,6.8,2,82,1,3,23,0.6,1,6,14808,770000
"Valentin Eysseric","Fiorentina","FRA","MF","FW",28,1992,16,729,46,21.3,6,79,2,10,25,0.75,14,17,28462,1480000
"Valentin Mihaila","Parma","ROU","FW","MF",20,2000,16,698,44,20.4,4,82,1,12,31,0.44,14,21,11154,580000
"Valerio Verre","Sampdoria","ITA","FW","MF",26,1994,27,998,37,29.2,12,60,0,15,19,1.44,16,16,25000,1300000
"Valon Behrami","Genoa","SUI","MF",NA,35,1985,26,892,34,26.1,8,62,0,18,22,1.5,10,17,17885,930000
"Vasco Regini","Sampdoria","ITA","DF",NA,29,1990,3,88,29,2.6,1,70,0,2,9,2,1,2,17885,930000
"Vedat Muriqi","Lazio","KVX","FW",NA,26,1994,27,832,31,24.3,7,67,2,20,18,1.78,9,11,54231,2820000
"Victor Osimhen","Napoli","NGA","FW",NA,21,1998,24,1573,66,46,16,83,6,8,31,2.13,44,19,110962,5770000
"Vincent Laurini","Parma","FRA","DF",NA,31,1989,14,870,62,25.4,10,75,4,4,30,0.86,13,25,17115,890000
"Vlad Chiricheș","Sassuolo","ROU","DF",NA,30,1989,24,1837,77,53.7,22,82,12,2,22,1.88,40,32,28462,1480000
"Vladimir Golemić","Crotone","SVN","DF",NA,29,1991,30,2341,78,68.5,26,87,24,4,19,0.5,34,73,8654,450000
"Walace","Udinese","BRA","MF",NA,25,1995,30,2055,69,60.1,23,81,13,7,26,1.07,24,36,12308,640000
"Wesley Hoedt","Lazio","NED","DF",NA,26,1994,17,952,56,27.8,10,82,8,7,18,1.71,19,21,34423,1790000
"Weston McKennie","Juventus","USA","MF",NA,21,1998,34,1702,50,49.8,18,74,6,16,23,2.18,33,16,61731,3210000
"Wilfried Singo","Torino","CIV","DF",NA,19,2000,28,1854,66,54.2,20,83,14,8,24,0.89,26,39,5000,260000
"Wylan Cyprien","Parma","FRA","MF",NA,25,1995,13,410,32,12,2,90,2,11,21,0.38,2,16,17308,9e+05
"Yann Karamoh","Parma","FRA","FW","MF",22,1998,24,1294,54,37.8,16,67,3,8,28,0.71,18,23,42692,2220000
"Yıldırım Mert Çetin","Hellas Verona","TUR","DF",NA,23,1997,6,418,70,12.2,4,89,3,2,32,1.83,4,5,6154,320000
"Yordan Osorio","Parma","VEN","DF",NA,26,1994,23,1809,79,52.9,21,84,16,2,26,0.52,22,42,13654,710000
"Zlatan Ibrahimović","Milan","SWE","FW",NA,38,1981,19,1493,79,43.7,18,83,12,1,6,2.21,31,21,172500,8970000
